Workbook

Sheet 안내
A1: 여행 기초 데이터 (실습용 가상 예시)
A3: • 모든 장소명·가격·소요시간은 학습용으로 만든 가상 값입니다. 실제 운영 시 자사 데이터로 교체하세요.
A4: • 구성: 지역 8곳, 명소 48건, 숙소 24건, 식당 32건, 교통 16구간
A5: • 시트 연결 키: 지역코드 (명소·숙소·식당), 출발지역/도착지역 (교통)
A6: • 테마태그: 자연, 역사, 맛집, 액티비티, 휴식, 쇼핑 / 추천대상: 가족, 친구, 연인, 단체
A7: • 여러 값은 | 로 구분, 금액은 숫자만, 빈칸 대신 '없음'
A8: • 노란 칸 = 학습자가 수정·입력하는 칸 (견적기준, 견적서양식)

Sheet 지역
A1: 지역코드 | B1: 지역명 | C1: 권역 | D1: 비고
A2: GN | B2: 강릉 | C2: 강원 영동 | D2: 없음
A3: SC | B3: 속초 | C3: 강원 영동 | D3: 없음
A4: YY | B4: 양양 | C4: 강원 영동 | D4: 없음
A5: PC | B5: 평창 | C5: 강원 영서 | D5: 없음
A6: GJ | B6: 경주 | C6: 경북 | D6: 없음
A7: BS | B7: 부산 | C7: 경남 | D7: 없음
A8: YS | B8: 여수 | C8: 전남 | D8: 없음
A9: JJ | B9: 전주 | C9: 전북 | D9: 없음

Sheet 명소
A1: 명소ID | B1: 지역코드 | C1: 명소명 | D1: 테마태그 | E1: 추천대상 | F1: 소요시간(시간) | G1: 성인 입장료(원) | H1: 아동 입장료(원) | I1: 휴무일
A2: S001 | B2: GN | C2: 강릉 카페거리 A | D2: 휴식|맛집 | E2: 연인|친구 | F2: 1.5 | G2: 0 | H2: 0 | I2: 없음
A3: S002 | B3: GN | C3: 강릉 전통시장 B | D3: 맛집|쇼핑 | E3: 가족|친구|단체 | F3: 1.5 | G3: 0 | H3: 0 | I3: 없음
A4: S003 | B4: GN | C4: 강릉 전망대 C | D4: 자연|액티비티 | E4: 연인|친구 | F4: 1 | G4: 5000 | H4: 3000 | I4: 화
A5: S004 | B5: GN | C5: 강릉 해변 D | D5: 자연|휴식 | E5: 가족|연인|친구 | F5: 2 | G5: 0 | H5: 0 | I5: 없음
A6: S005 | B6: GN | C6: 강릉 체험마을 E | D6: 액티비티|역사 | E6: 가족|단체 | F6: 2.5 | G6: 8000 | H6: 5000 | I6: 없음
A7: S006 | B7: GN | C7: 강릉 박물관 F | D7: 역사 | E7: 가족|단체 | F7: 1.5 | G7: 5000 | H7: 3000 | I7: 월
A8: S007 | B8: SC | C8: 속초 전통시장 A | D8: 맛집|쇼핑 | E8: 가족|친구|단체 | F8: 1.5 | G8: 0 | H8: 0 | I8: 화
A9: S008 | B9: SC | C9: 속초 테마파크 B | D9: 액티비티 | E9: 가족|친구 | F9: 4 | G9: 28000 | H9: 17000 | I9: 없음
A10: S009 | B10: SC | C10: 속초 해변 C | D10: 자연|휴식 | E10: 가족|연인|친구 | F10: 2 | G10: 0 | H10: 0 | I10: 수
A11: S010 | B11: SC | C11: 속초 체험마을 D | D11: 액티비티|역사 | E11: 가족|단체 | F11: 2.5 | G11: 18000 | H11: 11000 | I11: 화
A12: S011 | B12: SC | C12: 속초 전망대 E | D12: 자연|액티비티 | E12: 연인|친구 | F12: 1 | G12: 5000 | H12: 3000 | I12: 화
A13: S012 | B13: SC | C13: 속초 카페거리 F | D13: 휴식|맛집 | E13: 연인|친구 | F13: 1.5 | G13: 0 | H13: 0 | I13: 화
... A49: S048 | B49: JJ | C49: 전주 둘레길 F | D49: 자연|액티비티 | E49: 친구|가족|단체 | F49: 3 | G49: 0 | H49: 0 | I49: 월

Sheet 숙소
A1: 숙소ID | B1: 지역코드 | C1: 숙소명 | D1: 유형 | E1: 객실 기준인원(명) | F1: 1박 요금(원) | G1: 성수기 할증률 | H1: 추천대상
A2: H001 | B2: GN | C2: 강릉 호텔 A | D2: 호텔 | E2: 2 | F2: 130000 | G2: 0.3 | H2: 연인|친구
A3: H002 | B3: GN | C3: 강릉 게스트하우스 B | D3: 게스트하우스 | E3: 2 | F3: 60000 | G3: 0.2 | H3: 연인|친구
A4: H003 | B4: GN | C4: 강릉 리조트 C | D4: 리조트 | E4: 4 | F4: 220000 | G4: 0.4 | H4: 가족|친구|연인|단체
A5: H004 | B5: SC | C5: 속초 게스트하우스 A | D5: 게스트하우스 | E5: 2 | F5: 60000 | G5: 0.2 | H5: 연인|친구
A6: H005 | B6: SC | C6: 속초 리조트 B | D6: 리조트 | E6: 4 | F6: 230000 | G6: 0.4 | H6: 가족|친구|연인|단체
A7: H006 | B7: SC | C7: 속초 호텔 C | D7: 호텔 | E7: 2 | F7: 170000 | G7: 0.3 | H7: 연인|친구
A8: H007 | B8: YY | C8: 양양 펜션 A | D8: 펜션 | E8: 6 | F8: 200000 | G8: 0.5 | H8: 가족|친구|연인|단체
A9: H008 | B9: YY | C9: 양양 호텔 B | D9: 호텔 | E9: 2 | F9: 150000 | G9: 0.3 | H9: 연인|친구
A10: H009 | B10: YY | C10: 양양 리조트 C | D10: 리조트 | E10: 4 | F10: 220000 | G10: 0.4 | H10: 가족|친구|연인|단체
A11: H010 | B11: PC | C11: 평창 펜션 A | D11: 펜션 | E11: 6 | F11: 150000 | G11: 0.5 | H11: 가족|친구|연인|단체
A12: H011 | B12: PC | C12: 평창 게스트하우스 B | D12: 게스트하우스 | E12: 2 | F12: 60000 | G12: 0.2 | H12: 연인|친구
A13: H012 | B13: PC | C13: 평창 리조트 C | D13: 리조트 | E13: 4 | F13: 170000 | G13: 0.4 | H13: 가족|친구|연인|단체
... A25: H024 | B25: JJ | C25: 전주 펜션 C | D25: 펜션 | E25: 6 | F25: 180000 | G25: 0.5 | H25: 가족|친구|연인|단체

Sheet 식당
A1: 식당ID | B1: 지역코드 | C1: 식당명 | D1: 메뉴유형 | E1: 테마태그 | F1: 1인 평균단가(원) | G1: 추천대상
A2: R001 | B2: GN | C2: 강릉 해산물 A | D2: 해산물 | E2: 맛집 | F2: 31000 | G2: 가족|친구|단체
A3: R002 | B3: GN | C3: 강릉 카페·디저트 B | D3: 카페·디저트 | E3: 휴식 | F3: 9000 | G3: 연인|친구
A4: R003 | B4: GN | C4: 강릉 고기구이 C | D4: 고기구이 | E4: 맛집 | F4: 21000 | G4: 친구|가족|단체
A5: R004 | B5: GN | C5: 강릉 분식·간편식 D | D5: 분식·간편식 | E5: 맛집 | F5: 10000 | G5: 친구|가족
A6: R005 | B6: SC | C6: 속초 한정식 A | D6: 한정식 | E6: 맛집|역사 | F6: 21000 | G6: 가족|단체
A7: R006 | B7: SC | C7: 속초 해산물 B | D7: 해산물 | E7: 맛집 | F7: 28000 | G7: 가족|친구|단체
A8: R007 | B8: SC | C8: 속초 향토음식 C | D8: 향토음식 | E8: 맛집 | F8: 10000 | G8: 가족|친구|단체
A9: R008 | B9: SC | C9: 속초 카페·디저트 D | D9: 카페·디저트 | E9: 휴식 | F9: 10000 | G9: 연인|친구
A10: R009 | B10: YY | C10: 양양 고기구이 A | D10: 고기구이 | E10: 맛집 | F10: 18000 | G10: 친구|가족|단체
A11: R010 | B11: YY | C11: 양양 해산물 B | D11: 해산물 | E11: 맛집 | F11: 27000 | G11: 가족|친구|단체
A12: R011 | B12: YY | C12: 양양 향토음식 C | D12: 향토음식 | E12: 맛집 | F12: 13000 | G12: 가족|친구|단체
A13: R012 | B13: YY | C13: 양양 카페·디저트 D | D13: 카페·디저트 | E13: 휴식 | F13: 14000 | G13: 연인|친구
... A33: R032 | B33: JJ | C33: 전주 카페·디저트 D | D33: 카페·디저트 | E33: 휴식 | F33: 11000 | G33: 연인|친구

Sheet 교통
A1: 교통ID | B1: 출발지역 | C1: 도착지역 | D1: 수단 | E1: 소요시간(시간) | F1: 1인 요금(원)
A2: T001 | B2: GN | C2: SC | D2: 자가용·렌터카 | E2: 1.2 | F2: 0
A3: T002 | B3: GN | C3: SC | D3: 시외버스 | E3: 1.5 | F3: 9000
A4: T003 | B4: SC | C4: YY | D4: 자가용·렌터카 | E4: 0.5 | F4: 0
A5: T004 | B5: SC | C5: YY | D5: 시외버스 | E5: 0.7 | F5: 4000
A6: T005 | B6: GN | C6: YY | D6: 자가용·렌터카 | E6: 0.8 | F6: 0
A7: T006 | B7: GN | C7: PC | D7: 자가용·렌터카 | E7: 1 | F7: 0
A8: T007 | B8: GN | C8: PC | D8: 시외버스 | E8: 1.3 | F8: 8000
A9: T008 | B9: PC | C9: SC | D9: 자가용·렌터카 | E9: 1.8 | F9: 0
A10: T009 | B10: GJ | C10: BS | D10: 자가용·렌터카 | E10: 1.3 | F10: 0
A11: T010 | B11: GJ | C11: BS | D11: 시외버스 | E11: 1.5 | F11: 7000
A12: T011 | B12: BS | C12: YS | D12: 자가용·렌터카 | E12: 3 | F12: 0
A13: T012 | B13: BS | C13: YS | D13: 시외버스 | E13: 3.5 | F13: 22000
... A17: T016 | B17: GJ | C17: GN | D17: 자가용·렌터카 | E17: 3.5 | F17: 0
A19: ※ 같은 구간은 양방향 동일 적용. 자가용·렌터카 1인 요금 0원 = 차량비는 견적기준 시트의 '렌터카 1일 요금'으로 별도 계산

Sheet 견적기준
A1: 항목 | B1: 기준값 | C1: 설명
A2: 예비비율 | B2: 0.05 | C2: 소계 대비
A3: 렌터카 1일 요금(원) | B3: 90000 | C3: 차량 1대 기준
A4: 렌터카 1대 탑승 인원(명) | B4: 5 | C4: 초과 시 2대
A5: 성수기 시작일 | B5: 2026-07-15 | C5: 날짜 형식 YYYY-MM-DD
A6: 성수기 종료일 | B6: 2026-08-20
A7: 아동 기준 | B7: 만 13세 미만 | C7: 학습 편의상 가정
A8: 하루 최대 일정(시간) | B8: 8 | C8: 이동+관람 합계
A9: 선택 가능 지역 수(최대) | B9: 3
A10: 선택 가능 테마 수(최대) | B10: 2

Sheet 견적서양식
A1: 여행 견적서
A3: 고객명 | B3: 홍길동 (예시)
A4: 여행 지역 | B4: 강릉, 속초
A5: 출발일 | B5: 2026-08-01
A6: 기간 | B6: 2박 3일
A7: 성인(명) | B7: 2
A8: 아동(명) | B8: 2
A10: 구분 | B10: 참조ID | C10: 항목명 | D10: 단가(원) | E10: 수량 | F10: 금액(원)
A11: 숙소 | B11: H001 | C11: =IFERROR(INDEX(숙소!$C:$C,MATCH($B11,숙소!$A:$A,0)),"데이터 없음") -> 강릉 호텔 A | D11: =IFERROR(INDEX(숙소!$F:$F,MATCH($B11,숙소!$A:$A,0)),0) -> 130000 | E11: 4 | F11: =D11*E11 -> 520000
A12: 명소 | B12: S001 | C12: =IFERROR(INDEX(명소!$C:$C,MATCH($B12,명소!$A:$A,0)),"데이터 없음") -> 강릉 카페거리 A | D12: =IFERROR(INDEX(명소!$G:$G,MATCH($B12,명소!$A:$A,0)),0) -> 0 | E12: 4 | F12: =D12*E12 -> 0
A13: 명소 | B13: S002 | C13: =IFERROR(INDEX(명소!$C:$C,MATCH($B13,명소!$A:$A,0)),"데이터 없음") -> 강릉 전통시장 B | D13: =IFERROR(INDEX(명소!$G:$G,MATCH($B13,명소!$A:$A,0)),0) -> 0 | E13: 4 | F13: =D13*E13 -> 0
A14: 식당 | B14: R001 | C14: =IFERROR(INDEX(식당!$C:$C,MATCH($B14,식당!$A:$A,0)),"데이터 없음") -> 강릉 해산물 A | D14: =IFERROR(INDEX(식당!$F:$F,MATCH($B14,식당!$A:$A,0)),0) -> 31000 | E14: 4 | F14: =D14*E14 -> 124000
A15: 식당 | B15: R005 | C15: =IFERROR(INDEX(식당!$C:$C,MATCH($B15,식당!$A:$A,0)),"데이터 없음") -> 속초 한정식 A | D15: =IFERROR(INDEX(식당!$F:$F,MATCH($B15,식당!$A:$A,0)),0) -> 21000 | E15: 4 | F15: =D15*E15 -> 84000
A16: 교통 | B16: T001 | C16: =IFERROR(INDEX(교통!$B:$B,MATCH($B16,교통!$A:$A,0))&"→"&INDEX(교통!$C:$C,MATCH($B16,교통!$A:$A,0))&" "&INDEX(교통!$D:$D,MATCH($B16,교통!$A:$A,0)),"데이터 없음") -> GN→SC 자가용·렌터카 | D16: =IFERROR(INDEX(교통!$F:$F,MATCH($B16,교통!$A:$A,0)),0) -> 0 | E16: 4 | F16: =D16*E16 -> 0
E17: 소계 | F17: =SUM(F11:F16) -> 728000
E18: 예비비 | F18: =F17*견적기준!$B$2 -> 36400
E19: 합계 | F19: =F17+F18 -> 764400
A21: ※ 노란 칸만 입력: 상단 고객 정보, 구분·참조ID·수량. 항목명·단가·금액은 수식으로 자동 계산.
A22: ※ 숙소 수량 = 객실 수 × 박수, 명소·식당·교통 수량 = 인원 수. 예시 행은 성수기 할증·아동 요금 미반영.
A23: ※ 모든 데이터는 실습용 가상 예시이며 실제 가격이 아님.
